ingr,Fat,Saturated fat,Cholesterol,"Totalcarbohydrates",Sodium,Dietary Fiber,Protein,Added sugars,Vitamin A,Vitamin C,Calcium,Iron,Vitamin D,Vitamin E,Vitamin K,Thiamin,Riboflavin,Niacin,Vitamin B6,Folate6,Vitamin B12,Biotin,Pantothenic acid,Phosphorus,Iodine,Magnesium,Zinc,Selenium,Copper,Manganese,Chromium,Molybdenum,Chloride,Potassium,Choline
almond,0,0,0,0,0,0,21.0,0,0,0,0,0,0,0,0,0.041,0.939,3.16,0,0,0,0,0.0,0,0,0,0,0,0,0,0,0,0,0,0
amaretto,0,0,0,0,0,0,0.0,0,0,0,0,0,0,0,0,0.0,0.0,0.0,0,0,0,0,0.0,0,0,0,0,0,0,0,0,0,0,0,0
anchovy,0,0,85,0,0,0,28.9,0,0,0,0,0,0,0,0,0.078,0.363,19.9,0,0,0,0,0.0,0,0,0,0,0,0,0,0,0,0,0,0
anise,0,0,0,0,0,0,17.6,0,0,0,0,0,0,0,0,0.34,0.29,3.06,0,0,0,0,0.797,0,0,0,0,0,0,0,0,0,0,0,0
anniversary,0,0,65,0,0,0,4.62,0,0,0,0,0,0,0,0,0.0,0.0,0.0,0,0,0,0,0.0,0,0,0,0,0,0,0,0,0,0,0,0
appetizer,0,0,0,0,0,0,0.0,0,0,0,0,0,0,0,0,0.0,0.0,0.0,0,0,0,0,0.0,0,0,0,0,0,0,0,0,0,0,0,0
apple,0,0,0,0,0,0,0.0,0,0,0,0,0,0,0,0,0.0,0.0,0.0,0,0,0,0,0.0,0,0,0,0,0,0,0,0,0,0,0,0
apricot,0,0,0,0,0,0,0.0,0,0,0,0,0,0,0,0,0.0,0.0,0.0,0,0,0,0,0.0,0,0,0,0,0,0,0,0,0,0,0,0
artichoke,0,0,0,0,0,0,1.67,0,0,0,0,0,0,0,0,0.0,0.0,0.0,0,0,0,0,0.0,0,0,0,0,0,0,0,0,0,0,0,0
arugula,0,0,0,0,0,0,2.35,0,0,0,0,0,0,0,0,0.0,0.0,0.0,0,0,0,0,0.0,0,0,0,0,0,0,0,0,0,0,0,0
asparagus,0,0,0,0,0,0,2.35,0,0,0,0,0,0,0,0,0.0,0.0,0.0,0,0,0,0,0.0,0,0,0,0,0,0,0,0,0,0,0,0
avocado,0,0,40,0,0,0,1.9,0,0,0,0,0,0,0,0,0.02,0.05,0.14,0,0,0,0,0.0,0,0,0,0,0,0,0,0,0,0,0,0
bacon,0,0,71,0,0,0,7.14,0,0,0,0,0,0,0,0,0.0,0.0,0.0,0,0,0,0,0.0,0,0,0,0,0,0,0,0,0,0,0,0
bake,0,0,7,0,0,0,4.52,0,0,0,0,0,0,0,0,0.031,0.014,0.289,0,0,0,0,0.0,0,0,0,0,0,0,0,0,0,0,0,0
banana,0,0,0,0,0,0,12.5,0,0,0,0,0,0,0,0,0.0,0.0,0.0,0,0,0,0,0.0,0,0,0,0,0,0,0,0,0,0,0,0
barley,0,0,4,0,0,0,2.2,0,0,0,0,0,0,0,0,0.08,0.06,1.99,0,0,0,0,0.0,0,0,0,0,0,0,0,0,0,0,0,0
basil,0,0,0,0,0,0,0.0,0,0,0,0,0,0,0,0,0.0,0.0,0.0,0,0,0,0,0.0,0,0,0,0,0,0,0,0,0,0,0,0
bass,0,0,37,0,0,0,15.9,0,0,0,0,0,0,0,0,0.216,0.16,2.24,0,0,0,0,0.0,0,0,0,0,0,0,0,0,0,0,0,0
bean,0,0,0,0,0,0,5.44,0,0,0,0,0,0,0,0,0.09,0.1,0.43,0,0,0,0,0.0,0,0,0,0,0,0,0,0,0,0,0,0
beef,0,0,53,0,0,0,20.0,0,0,0,0,0,0,0,0,0.0,0.0,0.0,0,0,0,0,0.0,0,0,0,0,0,0,0,0,0,0,0,0
beer,0,0,0,0,0,0,0.46,0,0,0,0,0,0,0,0,0.005,0.025,0.513,0,0,0,0,0.0,0,0,0,0,0,0,0,0,0,0,0,0
beet,0,0,0,0,0,0,0.8,0,0,0,0,0,0,0,0,0.01,0.048,0.251,0,0,0,0,0.0,0,0,0,0,0,0,0,0,0,0,0,0
berry,0,0,0,0,0,0,0.67,0,0,0,0,0,0,0,0,0.029,0.024,0.396,0,0,0,0,0.0,0,0,0,0,0,0,0,0,0,0,0,0
birthday,0,0,0,0,0,0,3.7,0,0,0,0,0,0,0,0,0.0,0.0,0.0,0,0,0,0,0.0,0,0,0,0,0,0,0,0,0,0,0,0
biscuit,0,0,53,0,0,0,8.0,0,0,0,0,0,0,0,0,0.0,0.0,0.0,0,0,0,0,0.0,0,0,0,0,0,0,0,0,0,0,0,0
bitters,0,0,2,0,0,0,0.82,0,0,0,0,0,0,0,0,0.049,0.051,0.271,0,0,0,0,0.0,0,0,0,0,0,0,0,0,0,0,0,0
blackberry,0,0,0,0,0,0,0.58,0,0,0,0,0,0,0,0,0.0,0.0,0.0,0,0,0,0,0.0,0,0,0,0,0,0,0,0,0,0,0,0
blender,0,0,0,0,0,0,6.78,0,0,0,0,0,0,0,0,1.25,1.41,16.7,0,0,0,0,0.0,0,0,0,0,0,0,0,0,0,0,0,0
blueberry,0,0,0,0,0,0,0.0,0,0,0,0,0,0,0,0,0.0,0.0,0.0,0,0,0,0,0.0,0,0,0,0,0,0,0,0,0,0,0,0
bourbon,0,0,0,0,0,0,0.0,0,0,0,0,0,0,0,0,0.0,0.0,0.0,0,0,0,0,0.0,0,0,0,0,0,0,0,0,0,0,0,0
braise,0,0,389,0,0,0,24.4,0,0,0,0,0,0,0,0,0.196,4.1,10.7,0,0,0,0,4.57,0,0,0,0,0,0,0,0,0,0,0,0
bran,0,0,0,0,0,0,9.6,0,0,0,0,0,0,0,0,0.463,0.31,4.47,0,0,0,0,0.0,0,0,0,0,0,0,0,0,0,0,0,0
brandy,0,0,0,0,0,0,0.0,0,0,0,0,0,0,0,0,0.006,0.004,0.013,0,0,0,0,0.0,0,0,0,0,0,0,0,0,0,0,0,0
bread,0,0,0,0,0,0,7.89,0,0,0,0,0,0,0,0,0.0,0.0,0.0,0,0,0,0,0.0,0,0,0,0,0,0,0,0,0,0,0,0
breadcrumbs,0,0,0,0,0,0,0.0,0,0,0,0,0,0,0,0,0.0,0.0,0.0,0,0,0,0,0.0,0,0,0,0,0,0,0,0,0,0,0,0
breakfast,0,0,0,0,0,0,4.01,0,0,0,0,0,0,0,0,0.519,0.495,6.17,0,0,0,0,0.0,0,0,0,0,0,0,0,0,0,0,0,0
brie,0,0,107,0,0,0,17.9,0,0,0,0,0,0,0,0,0.0,0.0,0.0,0,0,0,0,0.0,0,0,0,0,0,0,0,0,0,0,0,0
brine,0,0,107,0,0,0,39.9,0,0,0,0,0,0,0,0,0.06,0.28,11.8,0,0,0,0,0.0,0,0,0,0,0,0,0,0,0,0,0,0
brisket,0,0,94,0,0,0,29.4,0,0,0,0,0,0,0,0,0.071,0.222,3.7,0,0,0,0,0.0,0,0,0,0,0,0,0,0,0,0,0,0
broccoli,0,0,0,0,0,0,2.7,0,0,0,0,0,0,0,0,0.0,0.0,0.0,0,0,0,0,0.0,0,0,0,0,0,0,0,0,0,0,0,0
broil,0,0,41,0,0,0,18.2,0,0,0,0,0,0,0,0,0.016,0.047,0.413,0,0,0,0,0.0,0,0,0,0,0,0,0,0,0,0,0,0
brooklyn,0,0,36,0,0,0,3.57,0,0,0,0,0,0,0,0,0.0,0.0,0.0,0,0,0,0,0.0,0,0,0,0,0,0,0,0,0,0,0,0
brownie,0,0,95,0,0,0,2.71,0,0,0,0,0,0,0,0,0.0,0.0,0.0,0,0,0,0,0.0,0,0,0,0,0,0,0,0,0,0,0,0
buffalo,0,0,161,0,0,0,35.7,0,0,0,0,0,0,0,0,0.0,0.0,0.0,0,0,0,0,0.0,0,0,0,0,0,0,0,0,0,0,0,0
buffet,0,0,71,0,0,0,23.5,0,0,0,0,0,0,0,0,0.0,0.0,0.0,0,0,0,0,0.0,0,0,0,0,0,0,0,0,0,0,0,0
bulgur,0,0,0,0,0,0,12.5,0,0,0,0,0,0,0,0,0.0,0.0,0.0,0,0,0,0,0.0,0,0,0,0,0,0,0,0,0,0,0,0
burrito,0,0,18,0,0,0,9.41,0,0,0,0,0,0,0,0,0.0,0.0,0.0,0,0,0,0,0.0,0,0,0,0,0,0,0,0,0,0,0,0
butter,0,0,0,0,0,0,1.18,0,0,0,0,0,0,0,0,0.0,0.0,0.0,0,0,0,0,0.0,0,0,0,0,0,0,0,0,0,0,0,0
buttermilk,0,0,4,0,0,0,3.33,0,0,0,0,0,0,0,0,0.0,0.0,0.0,0,0,0,0,0.0,0,0,0,0,0,0,0,0,0,0,0,0
cabbage,0,0,0,0,0,0,1.1,0,0,0,0,0,0,0,0,0.01,0.21,1.1,0,0,0,0,0.0,0,0,0,0,0,0,0,0,0,0,0,0
cake,0,0,24,0,0,0,3.53,0,0,0,0,0,0,0,0,0.0,0.0,0.0,0,0,0,0,0.0,0,0,0,0,0,0,0,0,0,0,0,0
calvados,0,0,71,0,0,0,14.3,0,0,0,0,0,0,0,0,0.0,0.0,0.0,0,0,0,0,0.0,0,0,0,0,0,0,0,0,0,0,0,0
campari,0,0,0,0,0,0,0.0,0,0,0,0,0,0,0,0,0.0,0.0,0.0,0,0,0,0,0.0,0,0,0,0,0,0,0,0,0,0,0,0
candy,0,0,0,0,0,0,0.0,0,0,0,0,0,0,0,0,0.0,0.0,0.0,0,0,0,0,0.0,0,0,0,0,0,0,0,0,0,0,0,0
cantaloupe,0,0,0,0,0,0,0.75,0,0,0,0,0,0,0,0,0.0,0.0,0.0,0,0,0,0,0.0,0,0,0,0,0,0,0,0,0,0,0,0
capers,0,0,0,0,0,0,0.0,0,0,0,0,0,0,0,0,0.0,0.0,0.0,0,0,0,0,0.0,0,0,0,0,0,0,0,0,0,0,0,0
caraway,0,0,93,0,0,0,25.2,0,0,0,0,0,0,0,0,0.031,0.45,0.18,0,0,0,0,0.19,0,0,0,0,0,0,0,0,0,0,0,0
cardamom,0,0,0,0,0,0,0.0,0,0,0,0,0,0,0,0,0.0,0.0,0.0,0,0,0,0,0.0,0,0,0,0,0,0,0,0,0,0,0,0
carrot,0,0,0,0,0,0,0.93,0,0,0,0,0,0,0,0,0.066,0.058,0.983,0,0,0,0,0.0,0,0,0,0,0,0,0,0,0,0,0,0
cashew,0,0,23,0,0,0,6.98,0,0,0,0,0,0,0,0,0.0,0.0,0.0,0,0,0,0,0.0,0,0,0,0,0,0,0,0,0,0,0,0
cauliflower,0,0,0,0,0,0,0.0,0,0,0,0,0,0,0,0,0.0,0.0,0.0,0,0,0,0,0.0,0,0,0,0,0,0,0,0,0,0,0,0
caviar,0,0,588,0,0,0,24.6,0,0,0,0,0,0,0,0,0.19,0.62,0.12,0,0,0,0,0.0,0,0,0,0,0,0,0,0,0,0,0,0
celery,0,0,0,0,0,0,0.0,0,0,0,0,0,0,0,0,0.0,0.0,0.0,0,0,0,0,0.0,0,0,0,0,0,0,0,0,0,0,0,0
chambord,0,0,0,0,0,0,0.0,0,0,0,0,0,0,0,0,0.0,0.0,0.0,0,0,0,0,0.0,0,0,0,0,0,0,0,0,0,0,0,0
champagne,0,0,0,0,0,0,0.16,0,0,0,0,0,0,0,0,0.024,0.017,0.134,0,0,0,0,0.0,0,0,0,0,0,0,0,0,0,0,0,0
chard,0,0,2,0,0,0,1.88,0,0,0,0,0,0,0,0,0.038,0.089,0.396,0,0,0,0,0.0,0,0,0,0,0,0,0,0,0,0,0,0
chartreuse,0,0,0,0,0,0,0.0,0,0,0,0,0,0,0,0,0.0,0.0,0.003,0,0,0,0,0.0,0,0,0,0,0,0,0,0,0,0,0,0
cheddar,0,0,33,0,0,0,10.0,0,0,0,0,0,0,0,0,0.0,0.0,0.0,0,0,0,0,0.0,0,0,0,0,0,0,0,0,0,0,0,0
cheese,0,0,53,0,0,0,21.1,0,0,0,0,0,0,0,0,0.0,0.0,0.0,0,0,0,0,0.0,0,0,0,0,0,0,0,0,0,0,0,0
cherry,0,0,0,0,0,0,4.0,0,0,0,0,0,0,0,0,0.0,0.0,0.0,0,0,0,0,0.0,0,0,0,0,0,0,0,0,0,0,0,0
chestnut,0,0,0,0,0,0,4.0,0,0,0,0,0,0,0,0,0.0,0.0,0.0,0,0,0,0,0.0,0,0,0,0,0,0,0,0,0,0,0,0
chicken,0,0,45,0,0,0,21.4,0,0,0,0,0,0,0,0,0.0,0.0,0.0,0,0,0,0,0.0,0,0,0,0,0,0,0,0,0,0,0,0
chickpea,0,0,0,0,0,0,19.0,0,0,0,0,0,0,0,0,0.0,0.0,0.0,0,0,0,0,0.0,0,0,0,0,0,0,0,0,0,0,0,0
chili,0,0,15,0,0,0,5.51,0,0,0,0,0,0,0,0,0.0,0.0,0.0,0,0,0,0,0.0,0,0,0,0,0,0,0,0,0,0,0,0
chive,0,0,0,0,0,0,3.27,0,0,0,0,0,0,0,0,0.078,0.115,0.647,0,0,0,0,0.0,0,0,0,0,0,0,0,0,0,0,0,0
chocolate,0,0,24,0,0,0,7.32,0,0,0,0,0,0,0,0,0.0,0.0,0.0,0,0,0,0,0.0,0,0,0,0,0,0,0,0,0,0,0,0
christmas,0,0,0,0,0,0,4.44,0,0,0,0,0,0,0,0,1.64,1.85,21.7,0,0,0,0,0.37,0,0,0,0,0,0,0,0,0,0,0,0
cilantro,0,0,0,0,0,0,0.0,0,0,0,0,0,0,0,0,0.0,0.0,0.0,0,0,0,0,0.0,0,0,0,0,0,0,0,0,0,0,0,0
cinnamon,0,0,0,0,0,0,0.0,0,0,0,0,0,0,0,0,0.0,0.0,0.0,0,0,0,0,0.0,0,0,0,0,0,0,0,0,0,0,0,0
citrus,0,0,0,0,0,0,0.0,0,0,0,0,0,0,0,0,0.0,0.0,0.0,0,0,0,0,0.0,0,0,0,0,0,0,0,0,0,0,0,0
clam,0,0,25,0,0,0,11.8,0,0,0,0,0,0,0,0,0.159,0.095,2.17,0,0,0,0,0.0,0,0,0,0,0,0,0,0,0,0,0,0
clove,0,0,0,0,0,0,5.97,0,0,0,0,0,0,0,0,0.158,0.22,1.56,0,0,0,0,0.509,0,0,0,0,0,0,0,0,0,0,0,0
cocktail,0,0,119,0,0,0,13.2,0,0,0,0,0,0,0,0,0.021,0.025,1.81,0,0,0,0,0.0,0,0,0,0,0,0,0,0,0,0,0,0
coconut,0,0,0,0,0,0,3.57,0,0,0,0,0,0,0,0,0.0,0.0,0.0,0,0,0,0,0.0,0,0,0,0,0,0,0,0,0,0,0,0
cod,0,0,32,0,0,0,12.4,0,0,0,0,0,0,0,0,0.0,0.0,0.0,0,0,0,0,0.0,0,0,0,0,0,0,0,0,0,0,0,0
coffee,0,0,0,0,0,0,12.5,0,0,0,0,0,0,0,0,0.0,0.0,0.0,0,0,0,0,0.0,0,0,0,0,0,0,0,0,0,0,0,0
cookie,0,0,0,0,0,0,21.7,0,0,0,0,0,0,0,0,0.0,0.0,0.0,0,0,0,0,0.0,0,0,0,0,0,0,0,0,0,0,0,0
cookies,0,0,0,0,0,0,4.55,0,0,0,0,0,0,0,0,0.0,0.0,0.0,0,0,0,0,0.0,0,0,0,0,0,0,0,0,0,0,0,0
coriander,0,0,0,0,0,0,12.4,0,0,0,0,0,0,0,0,0.239,0.29,2.13,0,0,0,0,0.0,0,0,0,0,0,0,0,0,0,0,0,0
corn,0,0,0,0,0,0,3.53,0,0,0,0,0,0,0,0,0.0,0.0,0.0,0,0,0,0,0.0,0,0,0,0,0,0,0,0,0,0,0,0
cornmeal,0,0,0,0,0,0,7.14,0,0,0,0,0,0,0,0,0.0,0.0,0.0,0,0,0,0,0.0,0,0,0,0,0,0,0,0,0,0,0,0
couscous,0,0,0,0,0,0,13.3,0,0,0,0,0,0,0,0,0.0,0.0,0.0,0,0,0,0,0.0,0,0,0,0,0,0,0,0,0,0,0,0
crab,0,0,97,0,0,0,17.9,0,0,0,0,0,0,0,0,0.023,0.093,2.75,0,0,0,0,0.0,0,0,0,0,0,0,0,0,0,0,0,0
cranberry,0,0,0,0,0,0,0.0,0,0,0,0,0,0,0,0,0.0,0.0,0.0,0,0,0,0,0.0,0,0,0,0,0,0,0,0,0,0,0,0
crêpe,0,0,0,0,0,0,0.0,0,0,0,0,0,0,0,0,0.0,0.0,0.0,0,0,0,0,0.0,0,0,0,0,0,0,0,0,0,0,0,0
cucumber,0,0,0,0,0,0,0.52,0,0,0,0,0,0,0,0,0.021,0.024,0.072,0,0,0,0,0.0,0,0,0,0,0,0,0,0,0,0,0,0
cumin,0,0,0,0,0,0,17.8,0,0,0,0,0,0,0,0,0.628,0.327,4.58,0,0,0,0,0.0,0,0,0,0,0,0,0,0,0,0,0,0
currant,0,0,0,0,0,0,3.43,0,0,0,0,0,0,0,0,0.16,0.142,1.62,0,0,0,0,0.0,0,0,0,0,0,0,0,0,0,0,0,0
curry,0,0,0,0,0,0,0.0,0,0,0,0,0,0,0,0,0.0,0.0,0.0,0,0,0,0,0.0,0,0,0,0,0,0,0,0,0,0,0,0
custard,0,0,80,0,0,0,5.08,0,0,0,0,0,0,0,0,0.048,0.19,0.095,0,0,0,0,0.0,0,0,0,0,0,0,0,0,0,0,0,0
dairy,0,0,15,0,0,0,3.33,0,0,0,0,0,0,0,0,0.0,0.0,0.0,0,0,0,0,0.0,0,0,0,0,0,0,0,0,0,0,0,0
date,0,0,0,0,0,0,2.45,0,0,0,0,0,0,0,0,0.052,0.066,1.27,0,0,0,0,0.0,0,0,0,0,0,0,0,0,0,0,0,0
dessert,0,0,44,0,0,0,6.16,0,0,0,0,0,0,0,0,0.025,0.199,0.122,0,0,0,0,0.0,0,0,0,0,0,0,0,0,0,0,0,0
dill,0,0,0,0,0,0,0.48,0,0,0,0,0,0,0,0,0.047,0.057,0.109,0,0,0,0,0.2,0,0,0,0,0,0,0,0,0,0,0,0
dinner,0,0,41,0,0,0,6.82,0,0,0,0,0,0,0,0,0.069,0.073,1.58,0,0,0,0,0.0,0,0,0,0,0,0,0,0,0,0,0,0
dip,0,0,0,0,0,0,0.0,0,0,0,0,0,0,0,0,0.0,0.0,0.0,0,0,0,0,0.0,0,0,0,0,0,0,0,0,0,0,0,0
duck,0,0,0,0,0,0,0.36,0,0,0,0,0,0,0,0,0.023,0.014,0.239,0,0,0,0,0.0,0,0,0,0,0,0,0,0,0,0,0,0
egg,0,0,4,0,0,0,9.73,0,0,0,0,0,0,0,0,0.0,1.2,0.0,0,0,0,0,1.33,0,0,0,0,0,0,0,0,0,0,0,0
eggplant,0,0,0,0,0,0,4.26,0,0,0,0,0,0,0,0,0.275,0.123,1.55,0,0,0,0,0.0,0,0,0,0,0,0,0,0,0,0,0,0
endive,0,0,0,0,0,0,1.25,0,0,0,0,0,0,0,0,0.08,0.075,0.4,0,0,0,0,0.9,0,0,0,0,0,0,0,0,0,0,0,0
escarole,0,0,0,0,0,0,1.18,0,0,0,0,0,0,0,0,0.0,0.0,0.0,0,0,0,0,0.0,0,0,0,0,0,0,0,0,0,0,0,0
fennel,0,0,2,0,0,0,1.42,0,0,0,0,0,0,0,0,0.01,0.035,0.693,0,0,0,0,0.0,0,0,0,0,0,0,0,0,0,0,0,0
feta,0,0,0,0,0,0,0.0,0,0,0,0,0,0,0,0,0.0,0.0,0.0,0,0,0,0,0.0,0,0,0,0,0,0,0,0,0,0,0,0
fig,0,0,0,0,0,0,0.0,0,0,0,0,0,0,0,0,0.0,0.0,0.0,0,0,0,0,0.0,0,0,0,0,0,0,0,0,0,0,0,0
fish,0,0,28,0,0,0,11.0,0,0,0,0,0,0,0,0,0.122,0.116,1.54,0,0,0,0,0.272,0,0,0,0,0,0,0,0,0,0,0,0
fontina,0,0,116,0,0,0,25.6,0,0,0,0,0,0,0,0,0.021,0.204,0.15,0,0,0,0,0.429,0,0,0,0,0,0,0,0,0,0,0,0
frangelico,0,0,41,0,0,0,12.0,0,0,0,0,0,0,0,0,0.0,0.0,0.0,0,0,0,0,0.0,0,0,0,0,0,0,0,0,0,0,0,0
frittata,0,0,132,0,0,0,8.18,0,0,0,0,0,0,0,0,0.0,0.0,0.0,0,0,0,0,0.0,0,0,0,0,0,0,0,0,0,0,0,0
fruit,0,0,4,0,0,0,2.35,0,0,0,0,0,0,0,0,0.043,0.1,0.31,0,0,0,0,0.0,0,0,0,0,0,0,0,0,0,0,0,0
game,0,0,95,0,0,0,22.4,0,0,0,0,0,0,0,0,0.32,0.58,0.0,0,0,0,0,0.0,0,0,0,0,0,0,0,0,0,0,0,0
garlic,0,0,0,0,0,0,0.0,0,0,0,0,0,0,0,0,0.0,0.0,0.0,0,0,0,0,0.0,0,0,0,0,0,0,0,0,0,0,0,0
gin,0,0,0,0,0,0,0.0,0,0,0,0,0,0,0,0,0.006,0.004,0.013,0,0,0,0,0.0,0,0,0,0,0,0,0,0,0,0,0,0
ginger,0,0,0,0,0,0,0.0,0,0,0,0,0,0,0,0,0.0,0.0,0.0,0,0,0,0,0.0,0,0,0,0,0,0,0,0,0,0,0,0
goose,0,0,100,0,0,0,0.0,0,0,0,0,0,0,0,0,0.0,0.0,0.0,0,0,0,0,0.0,0,0,0,0,0,0,0,0,0,0,0,0
gouda,0,0,107,0,0,0,25.0,0,0,0,0,0,0,0,0,0.0,0.0,0.0,0,0,0,0,0.0,0,0,0,0,0,0,0,0,0,0,0,0
gourmet,0,0,35,0,0,0,10.7,0,0,0,0,0,0,0,0,0.067,0.14,2.99,0,0,0,0,0.0,0,0,0,0,0,0,0,0,0,0,0,0
grains,0,0,0,0,0,0,10.3,0,0,0,0,0,0,0,0,0.316,0.251,4.27,0,0,0,0,1.46,0,0,0,0,0,0,0,0,0,0,0,0
granola,0,0,0,0,0,0,14.3,0,0,0,0,0,0,0,0,0.0,0.0,0.0,0,0,0,0,0.0,0,0,0,0,0,0,0,0,0,0,0,0
grape,0,0,0,0,0,0,0.0,0,0,0,0,0,0,0,0,0.0,0.0,0.0,0,0,0,0,0.0,0,0,0,0,0,0,0,0,0,0,0,0
grapefruit,0,0,0,0,0,0,0.0,0,0,0,0,0,0,0,0,0.0,0.0,0.0,0,0,0,0,0.0,0,0,0,0,0,0,0,0,0,0,0,0
grappa,0,0,0,0,0,0,0.0,0,0,0,0,0,0,0,0,0.0,0.0,0.0,0,0,0,0,0.0,0,0,0,0,0,0,0,0,0,0,0,0
guava,0,0,0,0,0,0,0.6,0,0,0,0,0,0,0,0,0.0,0.0,0.0,0,0,0,0,0.0,0,0,0,0,0,0,0,0,0,0,0,0
halibut,0,0,35,0,0,0,20.6,0,0,0,0,0,0,0,0,0.0,0.0,0.0,0,0,0,0,0.0,0,0,0,0,0,0,0,0,0,0,0,0
halloween,0,0,0,0,0,0,4.41,0,0,0,0,0,0,0,0,1.6,1.8,20.6,0,0,0,0,0.0,0,0,0,0,0,0,0,0,0,0,0,0
ham,0,0,54,0,0,0,19.0,0,0,0,0,0,0,0,0,0.426,0.191,6.06,0,0,0,0,0.0,0,0,0,0,0,0,0,0,0,0,0,0
hamburger,0,0,0,0,0,0,9.3,0,0,0,0,0,0,0,0,1.0,0.395,4.65,0,0,0,0,0.0,0,0,0,0,0,0,0,0,0,0,0,0
hazelnut,0,0,12,0,0,0,7.32,0,0,0,0,0,0,0,0,0.0,0.0,0.0,0,0,0,0,0.0,0,0,0,0,0,0,0,0,0,0,0,0
herb,0,0,0,0,0,0,0.0,0,0,0,0,0,0,0,0,0.01,0.004,0.0,0,0,0,0,0.011,0,0,0,0,0,0,0,0,0,0,0,0
hollywood,0,0,36,0,0,0,0.0,0,0,0,0,0,0,0,0,0.0,0.0,0.0,0,0,0,0,0.0,0,0,0,0,0,0,0,0,0,0,0,0
honey,0,0,0,0,0,0,0.3,0,0,0,0,0,0,0,0,0.0,0.038,0.121,0,0,0,0,0.0,0,0,0,0,0,0,0,0,0,0,0,0
honeydew,0,0,0,0,0,0,0.54,0,0,0,0,0,0,0,0,0.038,0.012,0.418,0,0,0,0,0.0,0,0,0,0,0,0,0,0,0,0,0,0
horseradish,0,0,0,0,0,0,1.18,0,0,0,0,0,0,0,0,0.008,0.024,0.386,0,0,0,0,0.0,0,0,0,0,0,0,0,0,0,0,0,0
hummus,0,0,0,0,0,0,7.14,0,0,0,0,0,0,0,0,0.0,0.0,0.0,0,0,0,0,0.0,0,0,0,0,0,0,0,0,0,0,0,0
jalapeño,0,0,0,0,0,0,0.0,0,0,0,0,0,0,0,0,0.0,0.0,0.0,0,0,0,0,0.0,0,0,0,0,0,0,0,0,0,0,0,0
jamaica,0,0,0,0,0,0,9.4,0,0,0,0,0,0,0,0,0.0,0.0,0.0,0,0,0,0,0.0,0,0,0,0,0,0,0,0,0,0,0,0
jícama,0,0,0,0,0,0,0.0,0,0,0,0,0,0,0,0,0.0,0.0,0.0,0,0,0,0,0.0,0,0,0,0,0,0,0,0,0,0,0,0
kahlúa,0,0,0,0,0,0,0.0,0,0,0,0,0,0,0,0,0.0,0.0,0.0,0,0,0,0,0.0,0,0,0,0,0,0,0,0,0,0,0,0
kale,0,0,0,0,0,0,3.54,0,0,0,0,0,0,0,0,0.0,0.12,1.06,0,0,0,0,0.0,0,0,0,0,0,0,0,0,0,0,0,0
kirsch,0,0,0,0,0,0,0.0,0,0,0,0,0,0,0,0,0.0,0.0,0.003,0,0,0,0,0.0,0,0,0,0,0,0,0,0,0,0,0,0
kiwi,0,0,0,0,0,0,0.0,0,0,0,0,0,0,0,0,0.0,0.0,0.0,0,0,0,0,0.0,0,0,0,0,0,0,0,0,0,0,0,0
kumquat,0,0,0,0,0,0,1.88,0,0,0,0,0,0,0,0,0.037,0.09,0.429,0,0,0,0,0.0,0,0,0,0,0,0,0,0,0,0,0,0
lamb,0,0,97,0,0,0,27.4,0,0,0,0,0,0,0,0,0.104,0.263,6.92,0,0,0,0,0.0,0,0,0,0,0,0,0,0,0,0,0,0
lasagna,0,0,32,0,0,0,8.24,0,0,0,0,0,0,0,0,0.0,0.0,0.0,0,0,0,0,0.0,0,0,0,0,0,0,0,0,0,0,0,0
leek,0,0,2,0,0,0,1.57,0,0,0,0,0,0,0,0,0.056,0.03,0.396,0,0,0,0,0.0,0,0,0,0,0,0,0,0,0,0,0,0
lemon,0,0,0,0,0,0,0.0,0,0,0,0,0,0,0,0,0.0,0.0,0.0,0,0,0,0,0.0,0,0,0,0,0,0,0,0,0,0,0,0
lemongrass,0,0,0,0,0,0,1.3,0,0,0,0,0,0,0,0,0.0,0.0,0.0,0,0,0,0,0.0,0,0,0,0,0,0,0,0,0,0,0,0
lentil,0,0,0,0,0,0,3.67,0,0,0,0,0,0,0,0,0.07,0.058,0.79,0,0,0,0,0.0,0,0,0,0,0,0,0,0,0,0,0,0
lettuce,0,0,0,0,0,0,1.13,0,0,0,0,0,0,0,0,0.056,0.053,0.249,0,0,0,0,0.0,0,0,0,0,0,0,0,0,0,0,0,0
lime,0,0,250,0,0,0,8.72,0,0,0,0,0,0,0,0,0.109,0.267,0.156,0,0,0,0,0.0,0,0,0,0,0,0,0,0,0,0,0,0
lingonberry,0,0,0,0,0,0,0.0,0,0,0,0,0,0,0,0,0.0,0.0,0.0,0,0,0,0,0.0,0,0,0,0,0,0,0,0,0,0,0,0
liqueur,0,0,0,0,0,0,0.0,0,0,0,0,0,0,0,0,0.0,0.0,0.003,0,0,0,0,0.0,0,0,0,0,0,0,0,0,0,0,0,0
lobster,0,0,161,0,0,0,20.9,0,0,0,0,0,0,0,0,0.022,0.017,1.91,0,0,0,0,0.0,0,0,0,0,0,0,0,0,0,0,0,0
lychee,0,0,0,0,0,0,0.83,0,0,0,0,0,0,0,0,0.011,0.065,0.603,0,0,0,0,0.0,0,0,0,0,0,0,0,0,0,0,0,0
mango,0,0,0,0,0,0,0.71,0,0,0,0,0,0,0,0,0.0,0.0,0.0,0,0,0,0,0.0,0,0,0,0,0,0,0,0,0,0,0,0
margarita,0,0,0,0,0,0,0.08,0,0,0,0,0,0,0,0,0.011,0.008,0.003,0,0,0,0,0.0,0,0,0,0,0,0,0,0,0,0,0,0
marinade,0,0,0,0,0,0,0.0,0,0,0,0,0,0,0,0,0.0,0.0,0.0,0,0,0,0,0.0,0,0,0,0,0,0,0,0,0,0,0,0
marsala,0,0,0,0,0,0,0.0,0,0,0,0,0,0,0,0,0.0,0.0,0.0,0,0,0,0,0.0,0,0,0,0,0,0,0,0,0,0,0,0
marscarpone,0,0,0,0,0,0,0.0,0,0,0,0,0,0,0,0,0.0,0.0,0.0,0,0,0,0,0.0,0,0,0,0,0,0,0,0,0,0,0,0
marshmallow,0,0,0,0,0,0,0.0,0,0,0,0,0,0,0,0,0.0,0.0,0.0,0,0,0,0,0.0,0,0,0,0,0,0,0,0,0,0,0,0
martini,0,0,0,0,0,0,0.07,0,0,0,0,0,0,0,0,0.005,0.005,0.025,0,0,0,0,0.0,0,0,0,0,0,0,0,0,0,0,0,0
mayonnaise,0,0,83,0,0,0,0.0,0,0,0,0,0,0,0,0,0.0,0.0,0.0,0,0,0,0,0.0,0,0,0,0,0,0,0,0,0,0,0,0
meat,0,0,58,0,0,0,17.9,0,0,0,0,0,0,0,0,0.0,0.0,0.0,0,0,0,0,0.0,0,0,0,0,0,0,0,0,0,0,0,0
meatball,0,0,4,0,0,0,7.03,0,0,0,0,0,0,0,0,0.0,0.0,0.0,0,0,0,0,0.0,0,0,0,0,0,0,0,0,0,0,0,0
meatloaf,0,0,49,0,0,0,14.2,0,0,0,0,0,0,0,0,0.0,0.0,0.0,0,0,0,0,0.0,0,0,0,0,0,0,0,0,0,0,0,0
melon,0,0,0,0,0,0,1.78,0,0,0,0,0,0,0,0,0.025,0.015,0.565,0,0,0,0,0.183,0,0,0,0,0,0,0,0,0,0,0,0
mezcal,0,0,0,0,0,0,3.33,0,0,0,0,0,0,0,0,0.0,0.0,0.0,0,0,0,0,0.0,0,0,0,0,0,0,0,0,0,0,0,0
microwave,0,0,153,0,0,0,29.5,0,0,0,0,0,0,0,0,0.049,0.398,8.1,0,0,0,0,0.988,0,0,0,0,0,0,0,0,0,0,0,0
midori,0,0,0,0,0,0,0.0,0,0,0,0,0,0,0,0,0.0,0.0,0.0,0,0,0,0,0.0,0,0,0,0,0,0,0,0,0,0,0,0
mint,0,0,0,0,0,0,0.0,0,0,0,0,0,0,0,0,0.0,0.0,0.0,0,0,0,0,0.0,0,0,0,0,0,0,0,0,0,0,0,0
molasses,0,0,0,0,0,0,0.0,0,0,0,0,0,0,0,0,0.041,0.002,0.93,0,0,0,0,0.804,0,0,0,0,0,0,0,0,0,0,0,0
mozzarella,0,0,71,0,0,0,21.4,0,0,0,0,0,0,0,0,0.0,0.0,0.0,0,0,0,0,0.0,0,0,0,0,0,0,0,0,0,0,0,0
muffin,0,0,0,0,0,0,3.0,0,0,0,0,0,0,0,0,0.0,0.0,0.0,0,0,0,0,0.0,0,0,0,0,0,0,0,0,0,0,0,0
mushroom,0,0,0,0,0,0,0.0,0,0,0,0,0,0,0,0,0.0,0.0,0.0,0,0,0,0,0.0,0,0,0,0,0,0,0,0,0,0,0,0
mussel,0,0,35,0,0,0,15.1,0,0,0,0,0,0,0,0,0.172,0.253,1.92,0,0,0,0,0.0,0,0,0,0,0,0,0,0,0,0,0,0
mustard,0,0,0,0,0,0,4.25,0,0,0,0,0,0,0,0,0.189,0.066,0.561,0,0,0,0,0.0,0,0,0,0,0,0,0,0,0,0,0,0
nectarine,0,0,0,0,0,0,1.06,0,0,0,0,0,0,0,0,0.034,0.027,1.12,0,0,0,0,0.0,0,0,0,0,0,0,0,0,0,0,0,0
noodle,0,0,0,0,0,0,3.2,0,0,0,0,0,0,0,0,0.0,0.0,0.0,0,0,0,0,0.0,0,0,0,0,0,0,0,0,0,0,0,0
nut,0,0,0,0,0,0,18.2,0,0,0,0,0,0,0,0,0.423,0.058,1.06,0,0,0,0,0.864,0,0,0,0,0,0,0,0,0,0,0,0
nutmeg,0,0,0,0,0,0,0.0,0,0,0,0,0,0,0,0,0.0,0.0,0.0,0,0,0,0,0.0,0,0,0,0,0,0,0,0,0,0,0,0
oat,0,0,0,0,0,0,13.2,0,0,0,0,0,0,0,0,0.46,0.155,1.12,0,0,0,0,0.0,0,0,0,0,0,0,0,0,0,0,0,0
oatmeal,0,0,0,0,0,0,0.0,0,0,0,0,0,0,0,0,0.0,0.0,0.0,0,0,0,0,0.0,0,0,0,0,0,0,0,0,0,0,0,0
octopus,0,0,43,0,0,0,13.2,0,0,0,0,0,0,0,0,0.165,0.102,2.54,0,0,0,0,0.0,0,0,0,0,0,0,0,0,0,0,0,0
okra,0,0,0,0,0,0,3.0,0,0,0,0,0,0,0,0,0.0,0.0,0.0,0,0,0,0,0.0,0,0,0,0,0,0,0,0,0,0,0,0
olive,0,0,0,0,0,0,0.73,0,0,0,0,0,0,0,0,0.008,0.002,0.09,0,0,0,0,0.0,0,0,0,0,0,0,0,0,0,0,0,0
omelet,0,0,0,0,0,0,1.11,0,0,0,0,0,0,0,0,0.045,0.024,0.637,0,0,0,0,0.0,0,0,0,0,0,0,0,0,0,0,0,0
onion,0,0,0,0,0,0,10.9,0,0,0,0,0,0,0,0,1.0,0.332,4.69,0,0,0,0,0.0,0,0,0,0,0,0,0,0,0,0,0,0
orange,0,0,0,0,0,0,4.76,0,0,0,0,0,0,0,0,0.0,0.0,0.0,0,0,0,0,0.0,0,0,0,0,0,0,0,0,0,0,0,0
oregano,0,0,0,0,0,0,0.0,0,0,0,0,0,0,0,0,0.0,0.0,0.0,0,0,0,0,0.0,0,0,0,0,0,0,0,0,0,0,0,0
organic,0,0,1,0,0,0,1.38,0,0,0,0,0,0,0,0,0.059,0.096,0.67,0,0,0,0,0.0,0,0,0,0,0,0,0,0,0,0,0,0
oyster,0,0,10,0,0,0,4.96,0,0,0,0,0,0,0,0,0.148,0.113,1.84,0,0,0,0,0.0,0,0,0,0,0,0,0,0,0,0,0,0
pancake,0,0,0,0,0,0,4.05,0,0,0,0,0,0,0,0,0.262,0.025,2.38,0,0,0,0,0.0,0,0,0,0,0,0,0,0,0,0,0,0
papaya,0,0,0,0,0,0,2.5,0,0,0,0,0,0,0,0,0.0,0.0,0.0,0,0,0,0,0.0,0,0,0,0,0,0,0,0,0,0,0,0
paprika,0,0,0,0,0,0,12.5,0,0,0,0,0,0,0,0,0.0,0.0,0.0,0,0,0,0,0.0,0,0,0,0,0,0,0,0,0,0,0,0
parmesan,0,0,86,0,0,0,28.4,0,0,0,0,0,0,0,0,0.026,0.358,0.08,0,0,0,0,0.45,0,0,0,0,0,0,0,0,0,0,0,0
parsley,0,0,0,0,0,0,0.0,0,0,0,0,0,0,0,0,0.0,0.0,0.0,0,0,0,0,0.0,0,0,0,0,0,0,0,0,0,0,0,0
parsnip,0,0,2,0,0,0,1.29,0,0,0,0,0,0,0,0,0.08,0.05,0.701,0,0,0,0,0.0,0,0,0,0,0,0,0,0,0,0,0,0
pasta,0,0,0,0,0,0,12.5,0,0,0,0,0,0,0,0,1.0,0.304,5.36,0,0,0,0,0.0,0,0,0,0,0,0,0,0,0,0,0,0
pastry,0,0,0,0,0,0,7.4,0,0,0,0,0,0,0,0,0.323,0.258,3.8,0,0,0,0,0.0,0,0,0,0,0,0,0,0,0,0,0,0
pea,0,0,0,0,0,0,14.1,0,0,0,0,0,0,0,0,0.614,0.314,5.06,0,0,0,0,0.0,0,0,0,0,0,0,0,0,0,0,0,0
peach,0,0,67,0,0,0,4.44,0,0,0,0,0,0,0,0,0.0,0.151,1.78,0,0,0,0,0.0,0,0,0,0,0,0,0,0,0,0,0,0
peanut,0,0,15,0,0,0,9.09,0,0,0,0,0,0,0,0,0.0,0.0,0.0,0,0,0,0,0.0,0,0,0,0,0,0,0,0,0,0,0,0
pear,0,0,0,0,0,0,0.37,0,0,0,0,0,0,0,0,0.012,0.026,0.162,0,0,0,0,0.0,0,0,0,0,0,0,0,0,0,0,0,0
pecan,0,0,0,0,0,0,9.17,0,0,0,0,0,0,0,0,0.66,0.13,1.17,0,0,0,0,0.863,0,0,0,0,0,0,0,0,0,0,0,0
pepper,0,0,0,0,0,0,0.0,0,0,0,0,0,0,0,0,0.0,0.0,0.0,0,0,0,0,0.0,0,0,0,0,0,0,0,0,0,0,0,0
persimmon,0,0,0,0,0,0,1.54,0,0,0,0,0,0,0,0,0.056,0.057,0.239,0,0,0,0,0.0,0,0,0,0,0,0,0,0,0,0,0,0
pickles,0,0,0,0,0,0,0.0,0,0,0,0,0,0,0,0,0.0,0.0,0.0,0,0,0,0,0.0,0,0,0,0,0,0,0,0,0,0,0,0
picnic,0,0,38,0,0,0,14.9,0,0,0,0,0,0,0,0,0.374,0.242,2.31,0,0,0,0,0.68,0,0,0,0,0,0,0,0,0,0,0,0
pie,0,0,23,0,0,0,2.01,0,0,0,0,0,0,0,0,0.0,0.0,0.0,0,0,0,0,0.0,0,0,0,0,0,0,0,0,0,0,0,0
pineapple,0,0,0,0,0,0,0.0,0,0,0,0,0,0,0,0,0.0,0.0,0.0,0,0,0,0,0.0,0,0,0,0,0,0,0,0,0,0,0,0
pistachio,0,0,0,0,0,0,20.0,0,0,0,0,0,0,0,0,0.0,0.0,0.0,0,0,0,0,0.0,0,0,0,0,0,0,0,0,0,0,0,0
pizza,0,0,21,0,0,0,10.7,0,0,0,0,0,0,0,0,0.0,0.0,0.0,0,0,0,0,0.0,0,0,0,0,0,0,0,0,0,0,0,0
plantain,0,0,0,0,0,0,2.28,0,0,0,0,0,0,0,0,0.065,0.04,0.802,0,0,0,0,0.0,0,0,0,0,0,0,0,0,0,0,0,0
plum,0,0,0,0,0,0,0.52,0,0,0,0,0,0,0,0,0.017,0.019,0.281,0,0,0,0,0.0,0,0,0,0,0,0,0,0,0,0,0,0
poblano,0,0,0,0,0,0,0.0,0,0,0,0,0,0,0,0,0.0,0.0,0.0,0,0,0,0,0.0,0,0,0,0,0,0,0,0,0,0,0,0
pomegranate,0,0,0,0,0,0,0.0,0,0,0,0,0,0,0,0,0.0,0.0,0.0,0,0,0,0,0.0,0,0,0,0,0,0,0,0,0,0,0,0
poppy,0,0,15,0,0,0,0.92,0,0,0,0,0,0,0,0,0.024,0.058,0.047,0,0,0,0,0.0,0,0,0,0,0,0,0,0,0,0,0,0
pork,0,0,76,0,0,0,21.2,0,0,0,0,0,0,0,0,0.0,0.0,0.0,0,0,0,0,0.0,0,0,0,0,0,0,0,0,0,0,0,0
port,0,0,123,0,0,0,23.8,0,0,0,0,0,0,0,0,0.014,0.24,0.06,0,0,0,0,0.21,0,0,0,0,0,0,0,0,0,0,0,0
potato,0,0,74,0,0,0,3.89,0,0,0,0,0,0,0,0,0.107,0.143,0.992,0,0,0,0,0.0,0,0,0,0,0,0,0,0,0,0,0,0
poultry,0,0,5,0,0,0,0.71,0,0,0,0,0,0,0,0,0.024,0.053,0.285,0,0,0,0,0.0,0,0,0,0,0,0,0,0,0,0,0,0
prosciutto,0,0,36,0,0,0,0.0,0,0,0,0,0,0,0,0,0.0,0.0,0.0,0,0,0,0,0.0,0,0,0,0,0,0,0,0,0,0,0,0
prune,0,0,0,0,0,0,2.1,0,0,0,0,0,0,0,0,0.04,0.0,2.5,0,0,0,0,0.43,0,0,0,0,0,0,0,0,0,0,0,0
pumpkin,0,0,0,0,0,0,1.67,0,0,0,0,0,0,0,0,0.0,0.0,0.0,0,0,0,0,0.0,0,0,0,0,0,0,0,0,0,0,0,0
punch,0,0,0,0,0,0,0.0,0,0,0,0,0,0,0,0,0.0,0.0,0.0,0,0,0,0,0.0,0,0,0,0,0,0,0,0,0,0,0,0
quail,0,0,86,0,0,0,25.0,0,0,0,0,0,0,0,0,0.219,0.299,7.89,0,0,0,0,0.0,0,0,0,0,0,0,0,0,0,0,0,0
quince,0,0,0,0,0,0,0.4,0,0,0,0,0,0,0,0,0.02,0.03,0.2,0,0,0,0,0.081,0,0,0,0,0,0,0,0,0,0,0,0
quinoa,0,0,0,0,0,0,2.86,0,0,0,0,0,0,0,0,0.0,0.0,0.0,0,0,0,0,0.0,0,0,0,0,0,0,0,0,0,0,0,0
rabbit,0,0,85,0,0,0,30.1,0,0,0,0,0,0,0,0,0.06,0.169,7.1,0,0,0,0,0.0,0,0,0,0,0,0,0,0,0,0,0,0
radicchio,0,0,0,0,0,0,2.0,0,0,0,0,0,0,0,0,0.0,0.0,0.0,0,0,0,0,0.0,0,0,0,0,0,0,0,0,0,0,0,0
radish,0,0,0,0,0,0,0.68,0,0,0,0,0,0,0,0,0.012,0.039,0.254,0,0,0,0,0.0,0,0,0,0,0,0,0,0,0,0,0,0
raisin,0,0,0,0,0,0,10.2,0,0,0,0,0,0,0,0,0.0,0.288,3.39,0,0,0,0,0.0,0,0,0,0,0,0,0,0,0,0,0,0
raspberry,0,0,0,0,0,0,0.0,0,0,0,0,0,0,0,0,0.0,0.0,0.0,0,0,0,0,0.0,0,0,0,0,0,0,0,0,0,0,0,0
rhubarb,0,0,0,0,0,0,0.81,0,0,0,0,0,0,0,0,0.014,0.028,0.242,0,0,0,0,0.0,0,0,0,0,0,0,0,0,0,0,0,0
rice,0,0,0,0,0,0,3.47,0,0,0,0,0,0,0,0,0.0,0.0,0.0,0,0,0,0,0.0,0,0,0,0,0,0,0,0,0,0,0,0
ricotta,0,0,40,0,0,0,9.6,0,0,0,0,0,0,0,0,0.032,0.256,0.123,0,0,0,0,0.0,0,0,0,0,0,0,0,0,0,0,0,0
rosemary,0,0,0,0,0,0,0.0,0,0,0,0,0,0,0,0,0.0,0.0,0.0,0,0,0,0,0.0,0,0,0,0,0,0,0,0,0,0,0,0
rosé,0,0,0,0,0,0,0.0,0,0,0,0,0,0,0,0,0.0,0.0,0.0,0,0,0,0,0.0,0,0,0,0,0,0,0,0,0,0,0,0
rum,0,0,0,0,0,0,0.0,0,0,0,0,0,0,0,0,0.006,0.004,0.013,0,0,0,0,0.0,0,0,0,0,0,0,0,0,0,0,0,0
rutabaga,0,0,0,0,0,0,1.0,0,0,0,0,0,0,0,0,0.0,0.0,0.0,0,0,0,0,0.0,0,0,0,0,0,0,0,0,0,0,0,0
rye,0,0,0,0,0,0,6.98,0,0,0,0,0,0,0,0,0.0,0.0,0.0,0,0,0,0,0.0,0,0,0,0,0,0,0,0,0,0,0,0
saffron,0,0,0,0,0,0,11.4,0,0,0,0,0,0,0,0,0.115,0.267,1.46,0,0,0,0,0.0,0,0,0,0,0,0,0,0,0,0,0,0
sage,0,0,0,0,0,0,0.0,0,0,0,0,0,0,0,0,0.0,0.0,0.0,0,0,0,0,0.0,0,0,0,0,0,0,0,0,0,0,0,0
sake,0,0,0,0,0,0,0.5,0,0,0,0,0,0,0,0,0.0,0.0,0.0,0,0,0,0,0.0,0,0,0,0,0,0,0,0,0,0,0,0
salad,0,0,0,0,0,0,2.63,0,0,0,0,0,0,0,0,0.0,0.0,0.0,0,0,0,0,0.0,0,0,0,0,0,0,0,0,0,0,0,0
salmon,0,0,53,0,0,0,19.5,0,0,0,0,0,0,0,0,0.0,0.0,0.0,0,0,0,0,0.0,0,0,0,0,0,0,0,0,0,0,0,0
salsa,0,0,0,0,0,0,0.0,0,0,0,0,0,0,0,0,0.0,0.0,0.0,0,0,0,0,0.0,0,0,0,0,0,0,0,0,0,0,0,0
sandwich,0,0,29,0,0,0,7.1,0,0,0,0,0,0,0,0,0.0,0.0,0.0,0,0,0,0,0.0,0,0,0,0,0,0,0,0,0,0,0,0
sangria,0,0,0,0,0,0,0.04,0,0,0,0,0,0,0,0,0.003,0.008,0.059,0,0,0,0,0.0,0,0,0,0,0,0,0,0,0,0,0,0
sardine,0,0,79,0,0,0,17.9,0,0,0,0,0,0,0,0,0.27,0.233,5.03,0,0,0,0,0.0,0,0,0,0,0,0,0,0,0,0,0,0
sauce,0,0,0,0,0,0,0.0,0,0,0,0,0,0,0,0,0.0,0.0,0.0,0,0,0,0,0.0,0,0,0,0,0,0,0,0,0,0,0,0
sausage,0,0,40,0,0,0,10.7,0,0,0,0,0,0,0,0,0.0,0.0,0.0,0,0,0,0,0.0,0,0,0,0,0,0,0,0,0,0,0,0
sauté,0,0,0,0,0,0,0.0,0,0,0,0,0,0,0,0,0.0,0.0,0.0,0,0,0,0,0.0,0,0,0,0,0,0,0,0,0,0,0,0
scallop,0,0,25,0,0,0,11.1,0,0,0,0,0,0,0,0,0.15,0.084,1.54,0,0,0,0,0.0,0,0,0,0,0,0,0,0,0,0,0,0
scotch,0,0,0,0,0,0,0.0,0,0,0,0,0,0,0,0,0.006,0.004,0.013,0,0,0,0,0.0,0,0,0,0,0,0,0,0,0,0,0,0
seafood,0,0,25,0,0,0,8.03,0,0,0,0,0,0,0,0,0.127,0.083,2.28,0,0,0,0,0.0,0,0,0,0,0,0,0,0,0,0,0,0
seed,0,0,0,0,0,0,5.3,0,0,0,0,0,0,0,0,0.29,0.17,5.3,0,0,0,0,0.816,0,0,0,0,0,0,0,0,0,0,0,0
semolina,0,0,0,0,0,0,10.9,0,0,0,0,0,0,0,0,0.0,0.0,0.0,0,0,0,0,0.0,0,0,0,0,0,0,0,0,0,0,0,0
sesame,0,0,0,0,0,0,3.1,0,0,0,0,0,0,0,0,0.0,0.0,0.0,0,0,0,0,0.0,0,0,0,0,0,0,0,0,0,0,0,0
shallot,0,0,0,0,0,0,2.5,0,0,0,0,0,0,0,0,0.06,0.02,0.2,0,0,0,0,0.29,0,0,0,0,0,0,0,0,0,0,0,0
shellfish,0,0,140,0,0,0,15.5,0,0,0,0,0,0,0,0,0.067,0.04,2.18,0,0,0,0,0.0,0,0,0,0,0,0,0,0,0,0,0,0
sherry,0,0,0,0,0,0,0.0,0,0,0,0,0,0,0,0,0.0,0.0,0.0,0,0,0,0,0.0,0,0,0,0,0,0,0,0,0,0,0,0
shrimp,0,0,112,0,0,0,11.8,0,0,0,0,0,0,0,0,0.0,0.0,0.0,0,0,0,0,0.0,0,0,0,0,0,0,0,0,0,0,0,0
side,0,0,0,0,0,0,1.03,0,0,0,0,0,0,0,0,0.045,0.038,0.208,0,0,0,0,0.0,0,0,0,0,0,0,0,0,0,0,0,0
smoothie,0,0,4,0,0,0,2.75,0,0,0,0,0,0,0,0,0.064,0.143,0.796,0,0,0,0,0.0,0,0,0,0,0,0,0,0,0,0,0,0
snapper,0,0,38,0,0,0,20.6,0,0,0,0,0,0,0,0,0.0,0.0,0.0,0,0,0,0,0.0,0,0,0,0,0,0,0,0,0,0,0,0
sorbet,0,0,0,0,0,0,0.79,0,0,0,0,0,0,0,0,0.006,0.009,0.082,0,0,0,0,0.0,0,0,0,0,0,0,0,0,0,0,0,0
sourdough,0,0,0,0,0,0,6.82,0,0,0,0,0,0,0,0,0.0,0.0,0.0,0,0,0,0,0.0,0,0,0,0,0,0,0,0,0,0,0,0
soy,0,0,0,0,0,0,26.5,0,0,0,0,0,0,0,0,0.333,0.349,2.98,0,0,0,0,0.0,0,0,0,0,0,0,0,0,0,0,0,0
spice,0,0,0,0,0,0,5.76,0,0,0,0,0,0,0,0,0.131,0.137,2.24,0,0,0,0,0.0,0,0,0,0,0,0,0,0,0,0,0,0
spinach,0,0,0,0,0,0,2.35,0,0,0,0,0,0,0,0,0.0,0.0,0.0,0,0,0,0,0.0,0,0,0,0,0,0,0,0,0,0,0,0
spring,0,0,0,0,0,0,15.4,0,0,0,0,0,0,0,0,0.504,0.11,5.71,0,0,0,0,0.935,0,0,0,0,0,0,0,0,0,0,0,0
spritzer,0,0,0,0,0,0,0.04,0,0,0,0,0,0,0,0,0.003,0.014,0.099,0,0,0,0,0.0,0,0,0,0,0,0,0,0,0,0,0,0
squash,0,0,2,0,0,0,0.65,0,0,0,0,0,0,0,0,0.037,0.021,0.784,0,0,0,0,0.0,0,0,0,0,0,0,0,0,0,0,0,0
squid,0,0,27,0,0,0,14.6,0,0,0,0,0,0,0,0,0.0,0.0,0.0,0,0,0,0,0.0,0,0,0,0,0,0,0,0,0,0,0,0
steak,0,0,0,0,0,0,0.0,0,0,0,0,0,0,0,0,0.0,0.0,0.0,0,0,0,0,0.0,0,0,0,0,0,0,0,0,0,0,0,0
stew,0,0,14,0,0,0,5.24,0,0,0,0,0,0,0,0,0.083,0.059,1.35,0,0,0,0,0.0,0,0,0,0,0,0,0,0,0,0,0,0
strawberry,0,0,0,0,0,0,0.71,0,0,0,0,0,0,0,0,0.0,0.0,0.0,0,0,0,0,0.0,0,0,0,0,0,0,0,0,0,0,0,0
swordfish,0,0,77,0,0,0,21.9,0,0,0,0,0,0,0,0,0.163,0.102,8.81,0,0,0,0,0.0,0,0,0,0,0,0,0,0,0,0,0,0
taco,0,0,19,0,0,0,6.69,0,0,0,0,0,0,0,0,0.15,0.106,1.5,0,0,0,0,0.205,0,0,0,0,0,0,0,0,0,0,0,0
tamarind,0,0,0,0,0,0,2.8,0,0,0,0,0,0,0,0,0.428,0.152,1.94,0,0,0,0,0.0,0,0,0,0,0,0,0,0,0,0,0,0
tangerine,0,0,0,0,0,0,0.0,0,0,0,0,0,0,0,0,0.0,0.0,0.0,0,0,0,0,0.0,0,0,0,0,0,0,0,0,0,0,0,0
tapioca,0,0,0,0,0,0,0.0,0,0,0,0,0,0,0,0,0.0,0.0,0.0,0,0,0,0,0.0,0,0,0,0,0,0,0,0,0,0,0,0
tarragon,0,0,0,0,0,0,0.0,0,0,0,0,0,0,0,0,0.0,0.0,0.0,0,0,0,0,0.0,0,0,0,0,0,0,0,0,0,0,0,0
tart,0,0,0,0,0,0,4.01,0,0,0,0,0,0,0,0,0.519,0.495,6.17,0,0,0,0,0.0,0,0,0,0,0,0,0,0,0,0,0,0
tea,0,0,0,0,0,0,0.0,0,0,0,0,0,0,0,0,0.0,0.0,0.0,0,0,0,0,0.0,0,0,0,0,0,0,0,0,0,0,0,0
tequila,0,0,0,0,0,0,0.0,0,0,0,0,0,0,0,0,0.006,0.004,0.013,0,0,0,0,0.0,0,0,0,0,0,0,0,0,0,0,0,0
thyme,0,0,0,0,0,0,0.0,0,0,0,0,0,0,0,0,0.0,0.0,0.0,0,0,0,0,0.0,0,0,0,0,0,0,0,0,0,0,0,0
tilapia,0,0,45,0,0,0,18.8,0,0,0,0,0,0,0,0,0.0,0.0,0.0,0,0,0,0,0.0,0,0,0,0,0,0,0,0,0,0,0,0
tofu,0,0,0,0,0,0,0.0,0,0,0,0,0,0,0,0,0.0,0.0,0.0,0,0,0,0,0.0,0,0,0,0,0,0,0,0,0,0,0,0
tomatillo,0,0,0,0,0,0,0.96,0,0,0,0,0,0,0,0,0.044,0.035,1.85,0,0,0,0,0.15,0,0,0,0,0,0,0,0,0,0,0,0
tomato,0,0,0,0,0,0,0.0,0,0,0,0,0,0,0,0,0.0,0.0,0.0,0,0,0,0,0.0,0,0,0,0,0,0,0,0,0,0,0,0
tortillas,0,0,0,0,0,0,3.57,0,0,0,0,0,0,0,0,0.0,0.0,0.0,0,0,0,0,0.0,0,0,0,0,0,0,0,0,0,0,0,0
trout,0,0,51,0,0,0,17.1,0,0,0,0,0,0,0,0,0.223,0.138,5.26,0,0,0,0,0.0,0,0,0,0,0,0,0,0,0,0,0,0
tuna,0,0,5,0,0,0,5.66,0,0,0,0,0,0,0,0,0.0,0.0,0.0,0,0,0,0,0.0,0,0,0,0,0,0,0,0,0,0,0,0
turnip,0,0,0,0,0,0,2.46,0,0,0,0,0,0,0,0,0.044,0.088,0.388,0,0,0,0,0.123,0,0,0,0,0,0,0,0,0,0,0,0
vanilla,0,0,92,0,0,0,3.5,0,0,0,0,0,0,0,0,0.041,0.167,0.082,0,0,0,0,0.0,0,0,0,0,0,0,0,0,0,0,0,0
veal,0,0,69,0,0,0,16.7,0,0,0,0,0,0,0,0,0.094,0.262,6.43,0,0,0,0,0.0,0,0,0,0,0,0,0,0,0,0,0,0
vegetable,0,0,0,0,0,0,2.3,0,0,0,0,0,0,0,0,0.061,0.069,0.779,0,0,0,0,0.26,0,0,0,0,0,0,0,0,0,0,0,0
venison,0,0,57,0,0,0,10.9,0,0,0,0,0,0,0,0,0.03,0.065,2.32,0,0,0,0,0.0,0,0,0,0,0,0,0,0,0,0,0,0
vermouth,0,0,0,0,0,0,0.0,0,0,0,0,0,0,0,0,0.0,0.0,0.0,0,0,0,0,0.0,0,0,0,0,0,0,0,0,0,0,0,0
vinegar,0,0,0,0,0,0,0.0,0,0,0,0,0,0,0,0,0.0,0.0,0.0,0,0,0,0,0.0,0,0,0,0,0,0,0,0,0,0,0,0
vodka,0,0,0,0,0,0,0.0,0,0,0,0,0,0,0,0,0.006,0.004,0.013,0,0,0,0,0.0,0,0,0,0,0,0,0,0,0,0,0,0
waffle,0,0,29,0,0,0,4.44,0,0,0,0,0,0,0,0,0.0,0.0,0.0,0,0,0,0,0.0,0,0,0,0,0,0,0,0,0,0,0,0
walnut,0,0,17,0,0,0,10.3,0,0,0,0,0,0,0,0,0.0,0.0,0.0,0,0,0,0,0.0,0,0,0,0,0,0,0,0,0,0,0,0
wasabi,0,0,0,0,0,0,2.23,0,0,0,0,0,0,0,0,0.05,0.07,0.16,0,0,0,0,0.0,0,0,0,0,0,0,0,0,0,0,0,0
watercress,0,0,2,0,0,0,2.4,0,0,0,0,0,0,0,0,0.084,0.119,0.198,0,0,0,0,0.0,0,0,0,0,0,0,0,0,0,0,0,0
watermelon,0,0,0,0,0,0,0.78,0,0,0,0,0,0,0,0,0.0,0.0,0.0,0,0,0,0,0.0,0,0,0,0,0,0,0,0,0,0,0,0
whiskey,0,0,0,0,0,0,0.0,0,0,0,0,0,0,0,0,0.006,0.004,0.013,0,0,0,0,0.0,0,0,0,0,0,0,0,0,0,0,0,0
wine,0,0,0,0,0,0,0.5,0,0,0,0,0,0,0,0,0.0,0.0,0.0,0,0,0,0,0.0,0,0,0,0,0,0,0,0,0,0,0,0
wok,0,0,0,0,0,0,0.0,0,0,0,0,0,0,0,0,0.0,0.0,0.0,0,0,0,0,0.0,0,0,0,0,0,0,0,0,0,0,0,0
yogurt,0,0,12,0,0,0,2.94,0,0,0,0,0,0,0,0,0.0,0.0,0.0,0,0,0,0,0.0,0,0,0,0,0,0,0,0,0,0,0,0
yuca,0,0,0,0,0,0,0.94,0,0,0,0,0,0,0,0,0.0,0.0,0.0,0,0,0,0,0.0,0,0,0,0,0,0,0,0,0,0,0,0
zucchini,0,0,0,0,0,0,1.05,0,0,0,0,0,0,0,0,0.0,0.0,0.0,0,0,0,0,0.0,0,0,0,0,0,0,0,0,0,0,0,0
turkey,0,0,34,0,0,0,9.75,0,0,0,0,0,0,0,0,0.0,0.0,0.0,0,0,0,0,0.0,0,0,0,0,0,0,0,0,0,0,0,0
apple juice,0,0,0,0,0,0,0.42,0,0,0,0,0,0,0,0,0.0,0.0,0.0,0,0,0,0,0.0,0,0,0,0,0,0,0,0,0,0,0,0
asian pear,0,0,0,0,0,0,0.5,0,0,0,0,0,0,0,0,0.009,0.01,0.219,0,0,0,0,0.0,0,0,0,0,0,0,0,0,0,0,0,0
beef rib,0,0,57,0,0,0,21.3,0,0,0,0,0,0,0,0,0.03,0.09,4.31,0,0,0,0,0.293,0,0,0,0,0,0,0,0,0,0,0,0
beef shank,0,0,39,0,0,0,21.8,0,0,0,0,0,0,0,0,0.1,0.22,5.74,0,0,0,0,0.35,0,0,0,0,0,0,0,0,0,0,0,0
beef tenderloin,0,0,51,0,0,0,20.7,0,0,0,0,0,0,0,0,0.0,0.0,0.0,0,0,0,0,0.0,0,0,0,0,0,0,0,0,0,0,0,0
bell pepper,0,0,0,0,0,0,0.715,0,0,0,0,0,0,0,0,0.0391,0.0888,0.636,0,0,0,0,0.0,0,0,0,0,0,0,0,0,0,0,0,0
blue cheese,0,0,107,0,0,0,21.4,0,0,0,0,0,0,0,0,0.0,0.0,0.0,0,0,0,0,0.0,0,0,0,0,0,0,0,0,0,0,0,0
bok choy,0,0,0,0,0,0,1.77,0,0,0,0,0,0,0,0,0.0,0.0,0.0,0,0,0,0,0.0,0,0,0,0,0,0,0,0,0,0,0,0
broccoli rabe,0,0,0,0,0,0,2.35,0,0,0,0,0,0,0,0,0.0,0.0,0.0,0,0,0,0,0.0,0,0,0,0,0,0,0,0,0,0,0,0
brussel sprout,0,0,0,0,0,0,3.38,0,0,0,0,0,0,0,0,0.139,0.09,0.745,0,0,0,0,0.0,0,0,0,0,0,0,0,0,0,0,0,0
butternut squash,0,0,0,0,0,0,1.18,0,0,0,0,0,0,0,0,0.0,0.0,0.0,0,0,0,0,0.0,0,0,0,0,0,0,0,0,0,0,0,0
chile pepper,0,0,0,0,0,0,10.6,0,0,0,0,0,0,0,0,0.081,1.2,8.67,0,0,0,0,0.956,0,0,0,0,0,0,0,0,0,0,0,0
collard greens,0,0,0,0,0,0,2.35,0,0,0,0,0,0,0,0,0.0,0.0,0.0,0,0,0,0,0.0,0,0,0,0,0,0,0,0,0,0,0,0
condiment,0,0,0,0,0,0,0.0,0,0,0,0,0,0,0,0,0.0,0.0,0.0,0,0,0,0,0.0,0,0,0,0,0,0,0,0,0,0,0,0
brown rice,0,0,0,0,0,0,9.3,0,0,0,0,0,0,0,0,0.0,0.0,0.0,0,0,0,0,0.0,0,0,0,0,0,0,0,0,0,0,0,0
cottage cheese,0,0,13,0,0,0,8.47,0,0,0,0,0,0,0,0,0.0,0.0,0.0,0,0,0,0,0.0,0,0,0,0,0,0,0,0,0,0,0,0
cranberry sauce,0,0,0,0,0,0,0.9,0,0,0,0,0,0,0,0,0.015,0.021,0.1,0,0,0,0,0.0,0,0,0,0,0,0,0,0,0,0,0,0
eau de vie,0,0,29,0,0,0,6.84,0,0,0,0,0,0,0,0,0.016,0.405,0.21,0,0,0,0,0.0,0,0,0,0,0,0,0,0,0,0,0,0
egg nog,0,0,58,0,0,0,3.33,0,0,0,0,0,0,0,0,0.0,0.0,0.0,0,0,0,0,0.0,0,0,0,0,0,0,0,0,0,0,0,0
flat bread,0,0,71,0,0,0,22.2,0,0,0,0,0,0,0,0,0.245,0.414,6.79,0,0,0,0,2.48,0,0,0,0,0,0,0,0,0,0,0,0
fortified wine,0,0,0,0,0,0,0.5,0,0,0,0,0,0,0,0,0.0,0.0,0.0,0,0,0,0,0.0,0,0,0,0,0,0,0,0,0,0,0,0
cream cheese,0,0,107,0,0,0,7.14,0,0,0,0,0,0,0,0,0.0,0.0,0.0,0,0,0,0,0.0,0,0,0,0,0,0,0,0,0,0,0,0
dried fruit,0,0,0,0,0,0,2.28,0,0,0,0,0,0,0,0,0.065,0.087,1.01,0,0,0,0,0.0,0,0,0,0,0,0,0,0,0,0,0,0
fritter,0,0,67,0,0,0,7.37,0,0,0,0,0,0,0,0,0.282,0.257,2.45,0,0,0,0,0.0,0,0,0,0,0,0,0,0,0,0,0,0
fruit juice,0,0,0,0,0,0,0.0,0,0,0,0,0,0,0,0,0.0,0.0,0.0,0,0,0,0,0.0,0,0,0,0,0,0,0,0,0,0,0,0
goat cheese,0,0,96,0,0,0,25.0,0,0,0,0,0,0,0,0,0.0,0.0,0.0,0,0,0,0,0.0,0,0,0,0,0,0,0,0,0,0,0,0
green bean,0,0,0,0,0,0,0.0,0,0,0,0,0,0,0,0,0.0,0.0,0.0,0,0,0,0,0.0,0,0,0,0,0,0,0,0,0,0,0,0
ground beef,0,0,67,0,0,0,19.6,0,0,0,0,0,0,0,0,0.0,0.0,0.0,0,0,0,0,0.0,0,0,0,0,0,0,0,0,0,0,0,0
créme de cacao,0,0,29,0,0,0,6.84,0,0,0,0,0,0,0,0,0.016,0.405,0.21,0,0,0,0,0.0,0,0,0,0,0,0,0,0,0,0,0,0
ground lamb,0,0,76,0,0,0,17.0,0,0,0,0,0,0,0,0,0.0,0.0,0.0,0,0,0,0,0.0,0,0,0,0,0,0,0,0,0,0,0,0
hot pepper,0,0,107,0,0,0,21.4,0,0,0,0,0,0,0,0,0.0,0.0,0.0,0,0,0,0,0.0,0,0,0,0,0,0,0,0,0,0,0,0
ice cream,0,0,38,0,0,0,3.08,0,0,0,0,0,0,0,0,0.0,0.0,0.0,0,0,0,0,0.0,0,0,0,0,0,0,0,0,0,0,0,0
iced coffee,0,0,2,0,0,0,0.3,0,0,0,0,0,0,0,0,0.0,0.0,0.0,0,0,0,0,0.0,0,0,0,0,0,0,0,0,0,0,0,0
iced tea,0,0,0,0,0,0,0.0,0,0,0,0,0,0,0,0,0.0,0.0,0.0,0,0,0,0,0.0,0,0,0,0,0,0,0,0,0,0,0,0
jam or jelly,0,0,0,0,0,0,0.18,0,0,0,0,0,0,0,0,0.009,0.038,0.061,0,0,0,0,0.0,0,0,0,0,0,0,0,0,0,0,0,0
jerusalem artichoke,0,0,0,0,0,0,2.0,0,0,0,0,0,0,0,0,0.2,0.06,1.3,0,0,0,0,0.397,0,0,0,0,0,0,0,0,0,0,0,0
lamb chop,0,0,97,0,0,0,27.4,0,0,0,0,0,0,0,0,0.104,0.263,6.92,0,0,0,0,0.0,0,0,0,0,0,0,0,0,0,0,0,0
leafy green,0,0,1,0,0,0,1.57,0,0,0,0,0,0,0,0,0.041,0.049,0.503,0,0,0,0,0.0,0,0,0,0,0,0,0,0,0,0,0,0
legume,0,0,0,0,0,0,25.0,0,0,0,0,0,0,0,0,0.0,0.0,0.0,0,0,0,0,0.0,0,0,0,0,0,0,0,0,0,0,0,0
lemon juice,0,0,0,0,0,0,0.0,0,0,0,0,0,0,0,0,0.0,0.0,0.0,0,0,0,0,0.0,0,0,0,0,0,0,0,0,0,0,0,0
lima bean,0,0,0,0,0,0,7.25,0,0,0,0,0,0,0,0,0.142,0.049,0.372,0,0,0,0,0.0,0,0,0,0,0,0,0,0,0,0,0,0
lime juice,0,0,0,0,0,0,0.42,0,0,0,0,0,0,0,0,0.025,0.015,0.142,0,0,0,0,0.123,0,0,0,0,0,0,0,0,0,0,0,0
lamb shank,0,0,66,0,0,0,20.1,0,0,0,0,0,0,0,0,0.1,0.096,4.09,0,0,0,0,0.433,0,0,0,0,0,0,0,0,0,0,0,0
macadamia nut,0,0,0,0,0,0,7.91,0,0,0,0,0,0,0,0,1.2,0.162,2.47,0,0,0,0,0.758,0,0,0,0,0,0,0,0,0,0,0,0
maple syrup,0,0,0,0,0,0,0.0,0,0,0,0,0,0,0,0,0.0,0.0,0.0,0,0,0,0,0.0,0,0,0,0,0,0,0,0,0,0,0,0
monterey jack,0,0,100,0,0,0,23.3,0,0,0,0,0,0,0,0,0.0,0.0,0.0,0,0,0,0,0.0,0,0,0,0,0,0,0,0,0,0,0,0
mustard greens,0,0,0,0,0,0,3.53,0,0,0,0,0,0,0,0,0.0,0.0,0.0,0,0,0,0,0.0,0,0,0,0,0,0,0,0,0,0,0,0
orange juice,0,0,0,0,0,0,0.67,0,0,0,0,0,0,0,0,0.0,0.015,0.178,0,0,0,0,0.0,0,0,0,0,0,0,0,0,0,0,0,0
passion fruit,0,0,0,0,0,0,1.11,0,0,0,0,0,0,0,0,0.0,0.0,0.0,0,0,0,0,0.0,0,0,0,0,0,0,0,0,0,0,0,0
peanut butter,0,0,0,0,0,0,22.5,0,0,0,0,0,0,0,0,0.138,0.191,13.3,0,0,0,0,0.0,0,0,0,0,0,0,0,0,0,0,0,0
pine nut,0,0,0,0,0,0,13.7,0,0,0,0,0,0,0,0,0.364,0.227,4.39,0,0,0,0,0.0,0,0,0,0,0,0,0,0,0,0,0,0
pomegranate juice,0,0,0,0,0,0,0.0,0,0,0,0,0,0,0,0,0.0,0.0,0.0,0,0,0,0,0.0,0,0,0,0,0,0,0,0,0,0,0,0
pork chop,0,0,46,0,0,0,18.4,0,0,0,0,0,0,0,0,0.448,0.163,5.78,0,0,0,0,0.0,0,0,0,0,0,0,0,0,0,0,0,0
pork rib,0,0,58,0,0,0,16.2,0,0,0,0,0,0,0,0,0.326,0.247,5.48,0,0,0,0,0.0,0,0,0,0,0,0,0,0,0,0,0,0
poultry sausage,0,0,5,0,0,0,0.71,0,0,0,0,0,0,0,0,0.024,0.053,0.285,0,0,0,0,0.0,0,0,0,0,0,0,0,0,0,0,0,0
rack of lamb,0,0,62,0,0,0,19.9,0,0,0,0,0,0,0,0,0.062,0.172,5.02,0,0,0,0,0.584,0,0,0,0,0,0,0,0,0,0,0,0
red wine,0,0,0,0,0,0,0.07,0,0,0,0,0,0,0,0,0.005,0.031,0.224,0,0,0,0,0.0,0,0,0,0,0,0,0,0,0,0,0,0
root vegetable,0,0,0,0,0,0,1.53,0,0,0,0,0,0,0,0,0.01,0.03,0.3,0,0,0,0,0.321,0,0,0,0,0,0,0,0,0,0,0,0
salad dressing,0,0,33,0,0,0,0.0,0,0,0,0,0,0,0,0,0.0,0.0,0.0,0,0,0,0,0.0,0,0,0,0,0,0,0,0,0,0,0,0
sesame oil,0,0,0,0,0,0,0.0,0,0,0,0,0,0,0,0,0.0,0.0,0.0,0,0,0,0,0.0,0,0,0,0,0,0,0,0,0,0,0,0
pork tenderloin,0,0,54,0,0,0,17.9,0,0,0,0,0,0,0,0,0.0,0.0,0.0,0,0,0,0,0.0,0,0,0,0,0,0,0,0,0,0,0,0
soup/stew,0,0,0,0,0,0,0.0,0,0,0,0,0,0,0,0,0.0,0.0,0.0,0,0,0,0,0.0,0,0,0,0,0,0,0,0,0,0,0,0
sour cream,0,0,67,0,0,0,3.33,0,0,0,0,0,0,0,0,0.0,0.0,0.0,0,0,0,0,0.0,0,0,0,0,0,0,0,0,0,0,0,0
soy sauce,0,0,0,0,0,0,8.14,0,0,0,0,0,0,0,0,0.033,0.165,2.2,0,0,0,0,0.0,0,0,0,0,0,0,0,0,0,0,0,0
sparkling wine,0,0,0,0,0,0,0.5,0,0,0,0,0,0,0,0,0.0,0.0,0.0,0,0,0,0,0.0,0,0,0,0,0,0,0,0,0,0,0,0
sugar snap pea,0,0,0,0,0,0,2.35,0,0,0,0,0,0,0,0,0.0,0.0,0.0,0,0,0,0,0.0,0,0,0,0,0,0,0,0,0,0,0,0
swiss cheese,0,0,87,0,0,0,26.1,0,0,0,0,0,0,0,0,0.0,0.0,0.0,0,0,0,0,0.0,0,0,0,0,0,0,0,0,0,0,0,0
tree nut,0,0,0,0,0,0,0.29,0,0,0,0,0,0,0,0,0.0,0.3,3.5,0,0,0,0,0.063,0,0,0,0,0,0,0,0,0,0,0,0
triple sec,0,0,0,0,0,0,0.0,0,0,0,0,0,0,0,0,0.0,0.0,0.0,0,0,0,0,0.0,0,0,0,0,0,0,0,0,0,0,0,0
tropical fruit,0,0,0,0,0,0,0.31,0,0,0,0,0,0,0,0,0.019,0.027,0.138,0,0,0,0,0.076,0,0,0,0,0,0,0,0,0,0,0,0
white wine,0,0,0,0,0,0,0.07,0,0,0,0,0,0,0,0,0.005,0.015,0.108,0,0,0,0,0.0,0,0,0,0,0,0,0,0,0,0,0,0
whole wheat,0,0,0,0,0,0,12.7,0,0,0,0,0,0,0,0,0.0,0.0,0.0,0,0,0,0,0.0,0,0,0,0,0,0,0,0,0,0,0,0
wild rice,0,0,0,0,0,0,13.3,0,0,0,0,0,0,0,0,0.0,0.227,6.67,0,0,0,0,0.0,0,0,0,0,0,0,0,0,0,0,0,0
yellow squash,0,0,0,0,0,0,1.02,0,0,0,0,0,0,0,0,0.0,0.0,0.0,0,0,0,0,0.0,0,0,0,0,0,0,0,0,0,0,0,0
spirit,0,0,0,0,0,0,0.0,0,0,0,0,0,0,0,0,0.0,0.0,10.7,0,0,0,0,0.0,0,0,0,0,0,0,0,0,0,0,0,0
butterscotch/caramel,0,0,0,0,0,0,0.0,0,0,0,0,0,0,0,0,0.0,0.0,0.0,0,0,0,0,0.0,0,0,0,0,0,0,0,0,0,0,0,0
cognac/armagnac,0,0,0,0,0,0,0.0,0,0,0,0,0,0,0,0,0.0,0.0,0.0,0,0,0,0,0.0,0,0,0,0,0,0,0,0,0,0,0,0
sweet potato/yam,0,0,0,0,0,0,0.0,0,0,0,0,0,0,0,0,0.0,0.0,0.0,0,0,0,0,0.0,0,0,0,0,0,0,0,0,0,0,0,0
milk/cream,0,0,0,0,0,0,0.0,0,0,0,0,0,0,0,0,0.0,0.0,0.0,0,0,0,0,0.0,0,0,0,0,0,0,0,0,0,0,0,0
condiment/spread,0,0,0,0,0,0,0.0,0,0,0,0,0,0,0,0,0.0,0.0,0.0,0,0,0,0,0.0,0,0,0,0,0,0,0,0,0,0,0,0
green onion/scallion,0,0,0,0,0,0,0.0,0,0,0,0,0,0,0,0,0.0,0.0,0.0,0,0,0,0,0.0,0,0,0,0,0,0,0,0,0,0,0,0
hominy/cornmeal/masa,0,0,4,0,0,0,1.45,0,0,0,0,0,0,0,0,0.003,0.006,0.032,0,0,0,0,0.0,0,0,0,0,0,0,0,0,0,0,0,0
phyllo/puff pastry dough,0,0,0,0,0,0,0.0,0,0,0,0,0,0,0,0,0.0,0.0,0.0,0,0,0,0,0.0,0,0,0,0,0,0,0,0,0,0,0,0
soufflé/meringue,0,0,0,0,0,0,0.0,0,0,0,0,0,0,0,0,0.0,0.0,0.0,0,0,0,0,0.0,0,0,0,0,0,0,0,0,0,0,0,0
stuffing/dressing,0,0,0,0,0,0,0.0,0,0,0,0,0,0,0,0,0.0,0.0,0.0,0,0,0,0,0.0,0,0,0,0,0,0,0,0,0,0,0,0
